english,arabic,arabic_status,swahili,swahili_status,where,notes
Skip to content,انتقل إلى المحتوى,draft,Ruka hadi maudhui,draft,app,
Fair-ranked matching,مطابقة عادلة الترتيب,draft,Uoanishaji wa haki,draft,app/(auth),
Opportunities and candidates surfaced by skill overlap — never by who pays more.,تظهر الفرص والمرشحون حسب تطابق المهارات — لا حسب من يدفع أكثر.,draft,Fursa na wagombea huonyeshwa kwa kulingana kwa ujuzi — si kwa nani analipa zaidi.,draft,app/(auth),
Pay as work is approved,ادفع عند اعتماد العمل,draft,Lipa kazi inapoidhinishwa,draft,app/(auth),
"Milestone by milestone, with written terms and a receipt every time.",مرحلة بعد مرحلة، مع شروط مكتوبة وإيصال في كل مرة.,draft,"Hatua kwa hatua, pamoja na masharti ya maandishi na risiti kila mara.",draft,app/(auth),
Verified from day one,موثَّق منذ اليوم الأول,draft,Imethibitishwa tangu siku ya kwanza,draft,app/(auth),
"Every profile carries a visible trust tier, so credibility is never just a claim.",كل ملف يحمل مستوى ثقة ظاهرًا، فلا تكون المصداقية مجرد ادعاء.,draft,"Kila wasifu una ngazi ya uaminifu inayoonekana, hivyo uaminifu si madai tu.",draft,app/(auth),
Explore AdorWorks,استكشف AdorWorks,draft,Gundua AdorWorks,draft,app/(auth),
Talent found.,المواهب موجودة.,draft,Vipaji vimepatikana.,draft,app/(auth),
Work delivered.,والعمل يُنجز.,draft,Kazi imekamilika.,draft,app/(auth),
Activate your account,فعّل حسابك,draft,Washa akaunti yako,draft,app/(auth)/activate-account,
"Welcome to AdorWorks — your application was approved. Set a password to activate your account, then continue to finish your profile.",مرحبًا بك في AdorWorks — تمت الموافقة على طلبك. عيّن كلمة مرور لتفعيل حسابك، ثم تابع لإكمال ملفك.,draft,"Karibu AdorWorks — ombi lako limeidhinishwa. Weka nenosiri ili kuwasha akaunti yako, kisha endelea kukamilisha wasifu wako.",draft,app/(auth)/activate-account,
Choose a password,اختر كلمة مرور,draft,Chagua nenosiri,draft,app/(auth)/activate-account/activate-account-form,
Activating…,جارٍ التفعيل…,draft,Inawasha…,draft,app/(auth)/activate-account/activate-account-form,
Activate account,تفعيل الحساب,draft,Washa akaunti,draft,app/(auth)/activate-account/activate-account-form,
Check your email,تحقق من بريدك الإلكتروني,draft,Angalia barua pepe yako,draft,app/(auth)/check-email app/(auth)/forgot-password,
We've sent a link to verify your email address. This confirms we can reach you at that address — it doesn't verify your identity; that's a separate step later in your profile.,أرسلنا رابطًا للتحقق من بريدك الإلكتروني. هذا يؤكد أننا نستطيع الوصول إليك على هذا العنوان — ولا يتحقق من هويتك؛ فتلك خطوة منفصلة لاحقًا في ملفك.,draft,Tumetuma kiungo cha kuthibitisha barua pepe yako. Hii inathibitisha kwamba tunaweza kukufikia kwenye anwani hiyo — haithibitishi utambulisho wako; hiyo ni hatua tofauti baadaye kwenye wasifu wako.,draft,app/(auth)/check-email,
"Didn't get it? Check spam, or wait a minute and try signing in — you can request another link from there.",لم يصلك؟ تحقق من مجلد الرسائل غير المرغوب فيها، أو انتظر دقيقة وحاول تسجيل الدخول — يمكنك طلب رابط آخر من هناك.,draft,"Hukuipata? Angalia barua taka, au subiri dakika moja ujaribu kuingia — unaweza kuomba kiungo kingine kutoka hapo.",draft,app/(auth)/check-email,
Reset your password,إعادة تعيين كلمة المرور,draft,Weka upya nenosiri lako,draft,app/(auth)/forgot-password,
"If that email matches an AdorWorks account, we've sent a link to reset your password.",إذا كان هذا البريد يطابق حسابًا على AdorWorks، فقد أرسلنا رابطًا لإعادة تعيين كلمة المرور.,draft,"Ikiwa barua pepe hiyo inalingana na akaunti ya AdorWorks, tumetuma kiungo cha kuweka upya nenosiri lako.",draft,app/(auth)/forgot-password,
"Didn't get it? Check spam, or <again>try again</again>.",لم يصلك؟ تحقق من الرسائل غير المرغوب فيها، أو <again>حاول مرة أخرى</again>.,draft,"Hukuipata? Angalia barua taka, au <again>jaribu tena</again>.",draft,app/(auth)/forgot-password,
Enter your account email and we'll send you a reset link.,أدخل بريد حسابك وسنرسل لك رابط إعادة التعيين.,draft,Weka barua pepe ya akaunti yako nasi tutakutumia kiungo cha kuweka upya.,draft,app/(auth)/forgot-password,
Remembered it?,تذكرتها؟,draft,Umekumbuka?,draft,app/(auth)/forgot-password,
Sign in,تسجيل الدخول,draft,Ingia,draft,app/(auth)/forgot-password app/(auth)/login/login-form app/(auth)/login +2,
Email,البريد الإلكتروني,draft,Barua pepe,draft,app/(auth)/forgot-password/forgot-password-form app/(auth)/login/login-form app/(auth)/signup/signup-form,
Sending…,جارٍ الإرسال…,draft,Inatuma…,draft,app/(auth)/forgot-password/forgot-password-form components/application-message-thread components/phone-verification-widget,
Send reset link,أرسل رابط إعادة التعيين,draft,Tuma kiungo cha kuweka upya,draft,app/(auth)/forgot-password/forgot-password-form,
Ready to find your next opportunity.,جاهز للعثور على فرصتك التالية.,draft,Uko tayari kupata fursa yako inayofuata.,draft,app/(auth)/login,
Ready to review your hiring pipeline.,جاهز لمراجعة مسار التوظيف لديك.,draft,Uko tayari kupitia mchakato wako wa kuajiri.,draft,app/(auth)/login,
Signing in as,تسجيل الدخول بصفة,draft,Kuingia kama,draft,app/(auth)/login,
Find work,ابحث عن عمل,draft,Tafuta kazi,draft,app/(auth)/login app/opportunities app/opportunities/saved +4,
Hire talent,وظّف مواهب,draft,Ajiri vipaji,draft,app/(auth)/login,
New to AdorWorks?,جديد على AdorWorks؟,draft,Mgeni kwenye AdorWorks?,draft,app/(auth)/login,
Create an account,أنشئ حسابًا,draft,Fungua akaunti,draft,app/(auth)/login,
Password,كلمة المرور,draft,Nenosiri,draft,app/(auth)/login/login-form app/(auth)/signup/signup-form,
Forgot password?,نسيت كلمة المرور؟,draft,Umesahau nenosiri?,draft,app/(auth)/login/login-form,
Signing in…,جارٍ تسجيل الدخول…,draft,Inaingia…,draft,app/(auth)/login/login-form,
Set a new password,عيّن كلمة مرور جديدة,draft,Weka nenosiri jipya,draft,app/(auth)/reset-password,
Choose a new password for your account.,اختر كلمة مرور جديدة لحسابك.,draft,Chagua nenosiri jipya kwa akaunti yako.,draft,app/(auth)/reset-password,
New password,كلمة المرور الجديدة,draft,Nenosiri jipya,draft,app/(auth)/reset-password/reset-password-form,
Saving…,جارٍ الحفظ…,draft,Inahifadhi…,draft,app/(auth)/reset-password/reset-password-form app/onboarding/basics/basics-form app/opportunities/[id]/apply/apply-form,
Set new password,تعيين كلمة المرور الجديدة,draft,Weka nenosiri jipya,draft,app/(auth)/reset-password/reset-password-form,
Create your account,أنشئ حسابك,draft,Fungua akaunti yako,draft,app/(auth)/signup,
"Free to register, always. We'll never charge you to be considered for work.",التسجيل مجاني دائمًا. لن نفرض عليك أبدًا رسومًا للنظر في ترشيحك لعمل.,draft,"Usajili ni bure, daima. Hatutakutoza kamwe ili kuzingatiwa kwa kazi.",draft,app/(auth)/signup,
Already have an account?,لديك حساب بالفعل؟,draft,Tayari una akaunti?,draft,app/(auth)/signup,
I'm here to,أنا هنا من أجل,draft,Niko hapa ili,draft,app/(auth)/signup/signup-form,
"Find work — freelance, contract, full-time or offer a service",البحث عن عمل — حر، أو بعقد، أو بدوام كامل، أو تقديم خدمة,draft,"Kutafuta kazi — huru, mkataba, ya kudumu au kutoa huduma",draft,app/(auth)/signup/signup-form,
Hire talent — for myself or an organisation,توظيف مواهب — لنفسي أو لمؤسسة,draft,Kuajiri vipaji — kwa ajili yangu au kwa shirika,draft,app/(auth)/signup/signup-form,
Full name,الاسم الكامل,draft,Jina kamili,draft,app/(auth)/signup/signup-form,
I agree to AdorWorks's <terms>Terms of Use</terms> and <privacy>Privacy Policy</privacy>.,أوافق على <terms>شروط الاستخدام</terms> و<privacy>سياسة الخصوصية</privacy> الخاصة بـ AdorWorks.,draft,Nakubali <terms>Masharti ya Matumizi</terms> na <privacy>Sera ya Faragha</privacy> ya AdorWorks.,draft,app/(auth)/signup/signup-form,
Creating account…,جارٍ إنشاء الحساب…,draft,Inafungua akaunti…,draft,app/(auth)/signup/signup-form,
Create account,إنشاء الحساب,draft,Fungua akaunti,draft,app/(auth)/signup/signup-form,
My applications,طلباتي,draft,Maombi yangu,draft,app/applications app/opportunities/invited app/opportunities,
Invited,الدعوات,draft,Mialiko,draft,app/applications,
Find more work,ابحث عن مزيد من العمل,draft,Tafuta kazi zaidi,draft,app/applications,
"Your application was submitted. You'll see it below, and the employer will be notified.",تم إرسال طلبك. ستراه أدناه، وسيتم إخطار صاحب العمل.,draft,"Ombi lako limetumwa. Utaliona hapa chini, na mwajiri atajulishwa.",draft,app/applications,
No applications yet. <browse>Browse open opportunities</browse>.,لا توجد طلبات بعد. <browse>تصفّح الفرص المتاحة</browse>.,draft,Bado hakuna maombi. <browse>Pitia fursa zilizo wazi</browse>.,draft,app/applications,
Opportunity,فرصة,draft,Fursa,draft,app/applications app/opportunities/invited,
AdorWorks employer,صاحب عمل على AdorWorks,draft,Mwajiri wa AdorWorks,draft,app/applications app/dashboard app/jobs/[id] +3,
Messages,الرسائل,draft,Jumbe,draft,app/applications/application-thread-panel,
Hide messages,إخفاء الرسائل,draft,Ficha jumbe,draft,app/applications/application-thread-panel,
Withdraw,سحب الطلب,draft,Ondoa ombi,draft,app/applications/withdraw-actions,
Reapply,إعادة التقديم,draft,Omba tena,draft,app/applications/withdraw-actions,
Dashboard,لوحة التحكم,draft,Dashibodi,draft,app/dashboard app/notifications components/app-sidebar,
Offers awaiting your response,عروض بانتظار ردك,draft,Ofa zinazosubiri jibu lako,draft,app/dashboard,
Milestones needing a resubmission,مراحل تحتاج إلى إعادة تسليم,draft,Hatua zinazohitaji kuwasilishwa upya,draft,app/dashboard,
Upcoming interviews,مقابلات قادمة,draft,Mahojiano yanayokuja,draft,app/dashboard,
Applicants awaiting review,متقدمون بانتظار المراجعة,draft,Waombaji wanaosubiri kupitiwa,draft,app/dashboard,
Offers awaiting a response,عروض بانتظار الرد,draft,Ofa zinazosubiri jibu,draft,app/dashboard,
Milestones ready to pay,مراحل جاهزة للدفع,draft,Hatua tayari kulipwa,draft,app/dashboard,
"Welcome, {name}",مرحبًا، {name},draft,"Karibu, {name}",draft,app/dashboard,
Welcome,مرحبًا,draft,Karibu,draft,app/dashboard,
You do not have access to that workspace,ليست لديك صلاحية الوصول إلى مساحة العمل هذه,draft,Huna ruhusa ya kufikia eneo hilo la kazi,draft,app/dashboard,
Your account has been returned to the workspace available for its current role.,أُعيد حسابك إلى مساحة العمل المتاحة لدوره الحالي.,draft,Akaunti yako imerudishwa kwenye eneo la kazi linalopatikana kwa jukumu lake la sasa.,draft,app/dashboard,
Onboarding submitted,تم إرسال بيانات التسجيل,draft,Usajili umewasilishwa,draft,app/dashboard,
Your details were received and can now move through the existing review workflow.,تم استلام بياناتك ويمكنها الآن المرور بمسار المراجعة المعتاد.,draft,Maelezo yako yamepokelewa na sasa yanaweza kupitia mchakato wa ukaguzi uliopo.,draft,app/dashboard,
Couldn't load your full picture,تعذّر تحميل الصورة الكاملة,draft,Imeshindwa kupakia picha kamili,draft,app/dashboard,
Some of what's below may be incomplete — refresh the page to try again.,قد يكون بعض ما يلي غير مكتمل — حدّث الصفحة للمحاولة مرة أخرى.,draft,Baadhi ya yaliyo hapa chini huenda hayajakamilika — onyesha upya ukurasa kujaribu tena.,draft,app/dashboard,
Needs your attention,يحتاج إلى انتباهك,draft,Inahitaji umakini wako,draft,app/dashboard,
Recommended for you,مقترح لك,draft,Imependekezwa kwako,draft,app/dashboard,
Ranked by overlap with your Passport skills — never by pay or reputation.,مرتبة حسب تطابقها مع مهاراتك في جوازك المهني — لا حسب الأجر أو السمعة.,draft,Zimepangwa kwa kulingana na ujuzi wa Pasipoti yako — si kwa malipo au sifa.,draft,app/dashboard,
Open opportunities,فرص متاحة,draft,Fursa zilizo wazi,draft,app/dashboard,
Applicants awaiting,متقدمون بالانتظار,draft,Waombaji wanaosubiri,draft,app/dashboard,
Active contracts,عقود نشطة,draft,Mikataba hai,draft,app/dashboard,
Milestones to pay,مراحل للدفع,draft,Hatua za kulipa,draft,app/dashboard,
Hiring priorities,أولويات التوظيف,draft,Vipaumbele vya kuajiri,draft,app/dashboard,
Post an opportunity,انشر فرصة,draft,Chapisha fursa,draft,app/dashboard lib/domain/navigation,
Browse talent,تصفّح المواهب,draft,Pitia vipaji,draft,app/dashboard,
Workspace unchanged,مساحة العمل دون تغيير,draft,Eneo la kazi halijabadilika,draft,app/dashboard,
This role continues in its existing operational workspace while the integrated experience is built behind feature flags.,يستمر هذا الدور في مساحة عمله التشغيلية الحالية بينما تُبنى التجربة المتكاملة.,draft,Jukumu hili linaendelea katika eneo lake la kazi la sasa wakati uzoefu uliounganishwa unajengwa.,draft,app/dashboard,
Assisted access is active,الوصول بالمساعدة مفعّل,draft,Ufikiaji wa usaidizi uko hai,draft,app/dashboard/assistance-consent-widget,
"Your assigned onboarding agent can edit only the fields you approved. Every change is recorded, and you can revoke access immediately.",يستطيع وكيل التسجيل المكلَّف بمساعدتك تعديل الحقول التي وافقت عليها فقط. يُسجَّل كل تغيير، ويمكنك إلغاء الوصول فورًا.,draft,"Wakala wako wa usajili anaweza kuhariri tu sehemu ulizoidhinisha. Kila mabadiliko hurekodiwa, na unaweza kuondoa ruhusa mara moja.",draft,app/dashboard/assistance-consent-widget,
Revoking…,جارٍ الإلغاء…,draft,Inaondoa…,draft,app/dashboard/assistance-consent-widget,
Revoke assisted access,إلغاء الوصول بالمساعدة,draft,Ondoa ufikiaji wa usaidizi,draft,app/dashboard/assistance-consent-widget,
Someone wants to help you finish your profile,هناك من يريد مساعدتك في إكمال ملفك,draft,Kuna mtu anataka kukusaidia kukamilisha wasifu wako,draft,app/dashboard/assistance-consent-widget,
"An AdorWorks onboarding agent has requested to help you complete your profile in person. They'll only be able to see and edit the specific fields listed here, and every change is recorded. Only agree if you're physically together with them right now.",طلب أحد وكلاء التسجيل في AdorWorks مساعدتك في إكمال ملفك حضوريًا. لن يتمكن إلا من رؤية الحقول المحددة المذكورة هنا وتعديلها، ويُسجَّل كل تغيير. لا توافق إلا إذا كنت معه فعليًا في المكان نفسه الآن.,draft,"Wakala wa usajili wa AdorWorks ameomba kukusaidia kukamilisha wasifu wako ana kwa ana. Ataweza kuona na kuhariri tu sehemu zilizoorodheshwa hapa, na kila mabadiliko hurekodiwa. Kubali tu kama mko pamoja naye kimwili sasa hivi.",draft,app/dashboard/assistance-consent-widget,
You're signed in with a temporary password — choose a real one now so you can sign in yourself next time.,أنت مسجل الدخول بكلمة مرور مؤقتة — اختر كلمة مرور حقيقية الآن لتتمكن من تسجيل الدخول بنفسك في المرة القادمة.,draft,Umeingia kwa nenosiri la muda — chagua nenosiri halisi sasa ili uweze kuingia mwenyewe wakati ujao.,draft,app/dashboard/assistance-consent-widget,
New password (at least 8 characters),كلمة المرور الجديدة (8 أحرف على الأقل),draft,Nenosiri jipya (angalau herufi 8),draft,app/dashboard/assistance-consent-widget,
Confirm new password,أكّد كلمة المرور الجديدة,draft,Thibitisha nenosiri jipya,draft,app/dashboard/assistance-consent-widget,
Confirming…,جارٍ التأكيد…,draft,Inathibitisha…,draft,app/dashboard/assistance-consent-widget,
Set password and consent,عيّن كلمة المرور ووافق,draft,Weka nenosiri na ukubali,draft,app/dashboard/assistance-consent-widget,
I consent to being helped,أوافق على تلقي المساعدة,draft,Nakubali kusaidiwa,draft,app/dashboard/assistance-consent-widget,
Nothing waiting on you right now — your pipeline is caught up.,لا شيء ينتظرك الآن — مسار التوظيف لديك محدَّث.,draft,Hakuna kinachokusubiri sasa — mchakato wako uko sawa.,draft,app/dashboard/employer-today,
Notifications,الإشعارات,draft,Arifa,draft,app/dashboard/notifications-panel app/notifications components/app-shell-client,
{n} new,{n} جديدة,draft,{n} mpya,draft,app/dashboard/notifications-panel i18n/config,
Mark all read,تعليم الكل كمقروء,draft,Weka zote kama zimesomwa,draft,app/dashboard/notifications-panel app/notifications/notifications-list,
See all,عرض الكل,draft,Ona zote,draft,app/dashboard/notifications-panel,
Readiness,الجاهزية,draft,Utayari,draft,app/dashboard/readiness-panel,
Your profile has everything it needs.,ملفك يحتوي على كل ما يحتاجه.,draft,Wasifu wako una kila kitu unachohitaji.,draft,app/dashboard/readiness-panel,
Trust,الثقة,draft,Uaminifu,draft,app/dashboard/readiness-panel,
Visibility,الظهور,draft,Kuonekana,draft,app/dashboard/readiness-panel,
You're publicly discoverable.,يمكن اكتشافك علنًا.,draft,Unaweza kugunduliwa hadharani.,draft,app/dashboard/readiness-panel,
Nothing needs your attention right now — nice work staying on top of it.,لا شيء يحتاج إلى انتباهك الآن — أحسنت في متابعة أمورك.,draft,Hakuna kinachohitaji umakini wako sasa — kazi nzuri kuendelea vizuri.,draft,app/dashboard/talent-today,
No open opportunities match your Passport skills yet — <all>browse everything open</all>.,لا توجد فرص متاحة تطابق مهارات جوازك المهني بعد — <all>تصفّح كل الفرص المتاحة</all>.,draft,Bado hakuna fursa zilizo wazi zinazolingana na ujuzi wa Pasipoti yako — <all>pitia zote zilizo wazi</all>.,draft,app/dashboard/talent-today,
Something went wrong,حدث خطأ ما,draft,Hitilafu imetokea,draft,app/error,
We could not load this screen. Your existing data has not been changed.,تعذّر تحميل هذه الشاشة. لم تتغير بياناتك الحالية.,draft,Hatukuweza kupakia skrini hii. Data yako iliyopo haijabadilika.,draft,app/error,
Try again,حاول مرة أخرى,draft,Jaribu tena,draft,app/error app/onboarding/error,
Job no longer open,الوظيفة لم تعد متاحة,draft,Kazi haipo wazi tena,draft,app/jobs/[id],
Paid opportunity on AdorWorks,فرصة مدفوعة الأجر على AdorWorks,draft,Fursa yenye malipo kwenye AdorWorks,draft,app/jobs/[id],
All jobs,كل الوظائف,draft,Kazi zote,draft,app/jobs/[id],
This job is no longer open,هذه الوظيفة لم تعد متاحة,draft,Kazi hii haipo wazi tena,draft,app/jobs/[id],
It may have been filled or closed by the employer.,ربما شُغلت أو أغلقها صاحب العمل.,draft,Huenda imejazwa au imefungwa na mwajiri.,draft,app/jobs/[id],
See the jobs that are open now,اطّلع على الوظائف المتاحة الآن,draft,Angalia kazi zilizo wazi sasa,draft,app/jobs/[id],
{n} openings,{n} شواغر,draft,Nafasi {n},draft,app/jobs/[id],
Verified employer,صاحب عمل موثَّق,draft,Mwajiri aliyethibitishwa,draft,app/jobs/[id],
Applications closed,أُغلق باب التقديم,draft,Maombi yamefungwa,draft,app/jobs/[id],
Apply by {date},التقديم قبل {date},draft,Omba kabla ya {date},draft,app/jobs/[id] app/opportunities app/opportunities/[id]/apply,
About the work,عن العمل,draft,Kuhusu kazi,draft,app/jobs/[id],
Skills needed,المهارات المطلوبة,draft,Ujuzi unaohitajika,draft,app/jobs/[id],
The deadline for this job has passed.,انتهى الموعد النهائي لهذه الوظيفة.,draft,Tarehe ya mwisho ya kazi hii imepita.,draft,app/jobs/[id],
Apply for this job,قدّم على هذه الوظيفة,draft,Omba kazi hii,draft,app/jobs/[id],
Free to apply — you'll sign in or create an account first.,التقديم مجاني — ستسجّل الدخول أو تنشئ حسابًا أولًا.,draft,Kuomba ni bure — utaingia au kufungua akaunti kwanza.,draft,app/jobs/[id],
Signed in as an employer — talent accounts apply to jobs.,أنت مسجل الدخول كصاحب عمل — حسابات المواهب هي التي تتقدم للوظائف.,draft,Umeingia kama mwajiri — akaunti za wenye vipaji ndizo huomba kazi.,draft,app/jobs/[id],
Share on WhatsApp,مشاركة عبر واتساب,draft,Shiriki kwenye WhatsApp,draft,app/jobs/[id]/share-job-buttons,
Copied,تم النسخ,draft,Imenakiliwa,draft,app/jobs/[id]/share-job-buttons,
Copy link,نسخ الرابط,draft,Nakili kiungo,draft,app/jobs/[id]/share-job-buttons,
Page not found,الصفحة غير موجودة,draft,Ukurasa haupatikani,draft,app/not-found,
"The page may have moved, or your account may not have access to it.",ربما نُقلت الصفحة، أو قد لا يكون لحسابك صلاحية الوصول إليها.,draft,"Huenda ukurasa umehamishwa, au akaunti yako haina ruhusa ya kuufikia.",draft,app/not-found,
Return to your dashboard,العودة إلى لوحة التحكم,draft,Rudi kwenye dashibodi yako,draft,app/not-found,
Nothing yet — you'll see updates here as things happen.,لا شيء بعد — ستظهر التحديثات هنا عند حدوثها.,draft,Bado hakuna kitu — utaona taarifa hapa mambo yanapotokea.,draft,app/notifications,
Activity emails,رسائل النشاط بالبريد,draft,Barua pepe za shughuli,draft,app/notifications/email-preference-toggle,
"Offers, applications, milestones, and similar updates by email. In-app notifications always stay on.",العروض والطلبات والمراحل والتحديثات المشابهة عبر البريد الإلكتروني. تبقى الإشعارات داخل التطبيق مفعّلة دائمًا.,draft,"Ofa, maombi, hatua na taarifa zinazofanana kwa barua pepe. Arifa za ndani ya programu hubaki zimewashwa daima.",draft,app/notifications/email-preference-toggle,
Your basics,بياناتك الأساسية,draft,Maelezo yako ya msingi,draft,app/onboarding/basics,
Legal name stays private — only your display name and headline are ever shown publicly.,يبقى اسمك القانوني خاصًا — لا يظهر للعامة إلا اسم العرض والعنوان المهني.,draft,Jina lako la kisheria hubaki siri — ni jina la kuonyesha na kichwa cha kitaaluma pekee ndivyo huonyeshwa hadharani.,draft,app/onboarding/basics,
Honorific,اللقب,draft,Cheo cha heshima,draft,app/onboarding/basics/basics-form,
Legal name,الاسم القانوني,draft,Jina la kisheria,draft,app/onboarding/basics/basics-form,
Display name,اسم العرض,draft,Jina la kuonyesha,draft,app/onboarding/basics/basics-form app/onboarding/review,
shown publicly,يظهر للعامة,draft,huonyeshwa hadharani,draft,app/onboarding/basics/basics-form,
Professional headline,العنوان المهني,draft,Kichwa cha kitaaluma,draft,app/onboarding/basics/basics-form,
"e.g. Graphic designer, Web developer, Translator",مثال: مصمم جرافيك، مطوّر مواقع، مترجم,draft,"mfano: Msanifu wa michoro, Msanidi wa tovuti, Mtafsiri",draft,app/onboarding/basics/basics-form,
Short bio,نبذة قصيرة,draft,Wasifu mfupi,draft,app/onboarding/basics/basics-form,
Location,الموقع,draft,Mahali,draft,app/onboarding/basics/basics-form app/onboarding/review,
Category,المجال,draft,Kundi,draft,app/onboarding/basics/basics-form app/onboarding/review,
Select one,اختر واحدًا,draft,Chagua moja,draft,app/onboarding/basics/basics-form,
Creative & media,الإبداع والإعلام,draft,Ubunifu na vyombo vya habari,draft,app/onboarding/basics/basics-form app/opportunities lib/domain/taxonomy,
Digital & technology,الرقمية والتقنية,draft,Kidijitali na teknolojia,draft,app/onboarding/basics/basics-form app/opportunities lib/domain/taxonomy,
Business & project support,دعم الأعمال والمشاريع,draft,Msaada wa biashara na miradi,draft,app/onboarding/basics/basics-form app/opportunities lib/domain/taxonomy,
Skills,المهارات,draft,Ujuzi,draft,app/onboarding/basics/basics-form app/onboarding/review,
comma-separated,مفصولة بفواصل,draft,zikitenganishwa kwa koma,draft,app/onboarding/basics/basics-form,
"e.g. Figma, brand identity, illustration",مثال: فيغما، هوية العلامة التجارية، الرسم التوضيحي,draft,"mfano: Figma, utambulisho wa chapa, michoro",draft,app/onboarding/basics/basics-form,
Languages,اللغات,draft,Lugha,draft,app/onboarding/basics/basics-form,
Work mode,نمط العمل,draft,Namna ya kazi,draft,app/onboarding/basics/basics-form,
Remote,عن بُعد,draft,Kwa mbali,draft,app/onboarding/basics/basics-form app/opportunities lib/domain/taxonomy,
On-site,في موقع العمل,draft,Kazini,draft,app/onboarding/basics/basics-form app/opportunities lib/domain/taxonomy,
Hybrid,هجين,draft,Mseto,draft,app/onboarding/basics/basics-form app/opportunities lib/domain/taxonomy,
Any,أي نمط,draft,Yoyote,draft,app/onboarding/basics/basics-form app/opportunities lib/domain/taxonomy,
Availability,التوفر,draft,Upatikanaji,draft,app/onboarding/basics/basics-form,
e.g. immediately,مثال: فورًا,draft,mfano: mara moja,draft,app/onboarding/basics/basics-form,
Preferred work type,نوع العمل المفضل,draft,Aina ya kazi unayopendelea,draft,app/onboarding/basics/basics-form,
No preference,بلا تفضيل,draft,Sina upendeleo,draft,app/onboarding/basics/basics-form,
Full-time,دوام كامل,draft,Ya kudumu,draft,app/onboarding/basics/basics-form app/opportunities components/mode-switcher +1,
Freelancing/Contract,عمل حر/بعقد,draft,Kazi huru/Mkataba,draft,app/onboarding/basics/basics-form app/opportunities components/mode-switcher,
Used to prioritize matching opportunities in Find work.,يُستخدم لإعطاء الأولوية للفرص المطابقة في «ابحث عن عمل».,draft,Hutumika kutanguliza fursa zinazolingana katika Tafuta kazi.,draft,app/onboarding/basics/basics-form,
Save and continue,احفظ وتابع,draft,Hifadhi na uendelee,draft,app/onboarding/basics/basics-form,
Couldn't load this step,تعذّر تحميل هذه الخطوة,draft,Imeshindwa kupakia hatua hii,draft,app/onboarding/error,
"Your progress so far is saved. Try again, or come back later.",تم حفظ تقدمك حتى الآن. حاول مرة أخرى أو عد لاحقًا.,draft,"Maendeleo yako hadi sasa yamehifadhiwa. Jaribu tena, au rudi baadaye.",draft,app/onboarding/error,
Basics,الأساسيات,draft,Msingi,draft,app/onboarding/onboarding-nav,
Verification,التحقق,draft,Uthibitishaji,draft,app/onboarding/onboarding-nav,
Review & publish,المراجعة والنشر,draft,Pitia na uchapishe,draft,app/onboarding/onboarding-nav app/onboarding/review,
Onboarding steps,خطوات التسجيل,draft,Hatua za usajili,draft,app/onboarding/onboarding-nav,
Review your profile,راجع ملفك,draft,Pitia wasifu wako,draft,app/onboarding/review,
"Creating a profile does not guarantee work — we assess eligibility and fit for each opportunity, and we will never ask you to pay a fee to be considered.",إنشاء ملف لا يضمن الحصول على عمل — نقيّم الأهلية والملاءمة لكل فرصة، ولن نطلب منك أبدًا دفع رسوم للنظر في ترشيحك.,draft,"Kufungua wasifu hakuhakikishi kazi — tunatathmini ustahili na kufaa kwa kila fursa, na kamwe hatutakuomba ulipe ada ili kuzingatiwa.",draft,app/onboarding/review,
Headline,العنوان المهني,draft,Kichwa cha kitaaluma,draft,app/onboarding/review,
"I confirm the information above is accurate, and I consent to AdorWorks reviewing it and, once verified, showing my profile to prospective employers.",أؤكد أن المعلومات أعلاه صحيحة، وأوافق على أن تراجعها AdorWorks، وأن تعرض ملفي لأصحاب العمل المحتملين بعد التحقق منه.,draft,"Nathibitisha kuwa taarifa zilizo hapo juu ni sahihi, na nakubali AdorWorks izipitie na, baada ya kuthibitishwa, ionyeshe wasifu wangu kwa waajiri watarajiwa.",draft,app/onboarding/review/review-form,
Submitting…,جارٍ الإرسال…,draft,Inawasilisha…,draft,app/onboarding/review/review-form app/opportunities/[id]/apply/apply-form components/report-button,
Submit for review,أرسل للمراجعة,draft,Wasilisha kwa ukaguzi,draft,app/onboarding/review/review-form,
Identity verification,التحقق من الهوية,draft,Uthibitishaji wa utambulisho,draft,app/onboarding/verification,
Request identity verification,اطلب التحقق من الهوية,draft,Omba uthibitishaji wa utambulisho,draft,app/onboarding/verification,
Upload a government-issued ID. This confirms your identity — a separate thing from confirming your email address. A human reviewer checks this; we don't use facial recognition or an automated decision.,حمّل وثيقة هوية حكومية. هذا يؤكد هويتك — وهو أمر منفصل عن تأكيد بريدك الإلكتروني. يراجعها شخص حقيقي؛ ولا نستخدم التعرف على الوجه أو قرارًا آليًا.,draft,Pakia kitambulisho cha serikali. Hii inathibitisha utambulisho wako — jambo tofauti na kuthibitisha barua pepe yako. Mkaguzi wa kibinadamu hukagua hili; hatutumii utambuzi wa uso wala uamuzi wa kiotomatiki.,draft,app/onboarding/verification,
Submitted — status:,تم الإرسال — الحالة:,draft,Imewasilishwa — hali:,draft,app/onboarding/verification,
"You can continue to the next step, or upload a replacement below if needed.",يمكنك المتابعة إلى الخطوة التالية، أو تحميل بديل أدناه عند الحاجة.,draft,"Unaweza kuendelea na hatua inayofuata, au kupakia nyingine hapa chini ikihitajika.",draft,app/onboarding/verification,
"Please upload a JPG, PNG or PDF file.",يُرجى تحميل ملف بصيغة JPG أو PNG أو PDF.,draft,"Tafadhali pakia faili la JPG, PNG au PDF.",draft,app/onboarding/verification/verification-form,
File is too large — 8MB maximum.,الملف كبير جدًا — الحد الأقصى 8 ميغابايت.,draft,Faili ni kubwa mno — kiwango cha juu ni 8MB.,draft,app/onboarding/verification/verification-form,
Your session has expired — please sign in again.,انتهت جلستك — يُرجى تسجيل الدخول مرة أخرى.,draft,Muda wa kipindi chako umeisha — tafadhali ingia tena.,draft,app/onboarding/verification/verification-form,
Upload failed: {reason},فشل التحميل: {reason},draft,Upakiaji umeshindwa: {reason},draft,app/onboarding/verification/verification-form,
Could not record the submission: {reason},تعذّر تسجيل الطلب: {reason},draft,Imeshindwa kurekodi uwasilishaji: {reason},draft,app/onboarding/verification/verification-form,
Uploaded — a reviewer will check this soon.,تم التحميل — سيتحقق منه أحد المراجعين قريبًا.,draft,Imepakiwa — mkaguzi ataikagua hivi karibuni.,draft,app/onboarding/verification/verification-form,
Identity document,وثيقة الهوية,draft,Hati ya utambulisho,draft,app/onboarding/verification/verification-form,
Uploading…,جارٍ التحميل…,draft,Inapakia…,draft,app/onboarding/verification/verification-form,
Upload document,حمّل الوثيقة,draft,Pakia hati,draft,app/onboarding/verification/verification-form,
Continuing…,جارٍ المتابعة…,draft,Inaendelea…,draft,app/onboarding/verification/verification-form,
Continue,متابعة,draft,Endelea,draft,app/onboarding/verification/verification-form,
Freelance,عمل حر,draft,Kazi huru,draft,app/opportunities lib/domain/taxonomy,
Fixed-term contract,عقد محدد المدة,draft,Mkataba wa muda maalum,draft,app/opportunities lib/domain/taxonomy,
Internship,تدريب,draft,Mafunzo kazini,draft,app/opportunities lib/domain/taxonomy,
Apprenticeship,تلمذة مهنية,draft,Uanagenzi,draft,app/opportunities lib/domain/taxonomy,
Managed service,خدمة مُدارة,draft,Huduma inayosimamiwa,draft,app/opportunities lib/domain/taxonomy,
Saved,المحفوظة,draft,Zilizohifadhiwa,draft,app/opportunities app/opportunities/save-button lib/domain/navigation,
"Open, paid opportunities on AdorWorks right now.",فرص مدفوعة الأجر ومتاحة على AdorWorks الآن.,draft,Fursa zilizo wazi zenye malipo kwenye AdorWorks sasa hivi.,draft,app/opportunities,
Showing {type} work,عرض أعمال: {type},draft,Inaonyesha kazi za {type},draft,app/opportunities,
Clear,مسح,draft,Futa,draft,app/opportunities,
Showing opportunities matching your job preferences,عرض الفرص المطابقة لتفضيلاتك الوظيفية,draft,Inaonyesha fursa zinazolingana na mapendeleo yako ya kazi,draft,app/opportunities,
See everything,عرض كل شيء,draft,Ona kila kitu,draft,app/opportunities,
Match my job preferences,طابِق تفضيلاتي الوظيفية,draft,Linganisha na mapendeleo yangu ya kazi,draft,app/opportunities,
Recent,الأحدث,draft,Za karibuni,draft,app/opportunities,
Relevant to you,الأنسب لك,draft,Zinazokufaa,draft,app/opportunities,
"Ranked by overlap with your Passport skills, then most recently posted — not by employer spend, so every opportunity gets fair visibility.",مرتبة حسب التطابق مع مهارات جوازك المهني، ثم الأحدث نشرًا — لا حسب إنفاق صاحب العمل، لتحظى كل فرصة بظهور عادل.,draft,"Zimepangwa kwa kulingana na ujuzi wa Pasipoti yako, kisha zilizochapishwa karibuni — si kwa matumizi ya mwajiri, ili kila fursa ionekane kwa haki.",draft,app/opportunities,
Search opportunities by title or description,ابحث في الفرص حسب العنوان أو الوصف,draft,Tafuta fursa kwa kichwa au maelezo,draft,app/opportunities,
Search by title or description…,ابحث بالعنوان أو الوصف…,draft,Tafuta kwa kichwa au maelezo…,draft,app/opportunities,
Search,بحث,draft,Tafuta,draft,app/opportunities,
More filters (active),مزيد من عوامل التصفية (مفعّلة),draft,Vichujio zaidi (vinatumika),draft,app/opportunities,
More filters,مزيد من عوامل التصفية,draft,Vichujio zaidi,draft,app/opportunities,
Filter by category,التصفية حسب المجال,draft,Chuja kwa kundi,draft,app/opportunities,
Any category,أي مجال,draft,Kundi lolote,draft,app/opportunities,
Filter by engagement type,التصفية حسب نوع التعاقد,draft,Chuja kwa aina ya ajira,draft,app/opportunities,
Any type,أي نوع,draft,Aina yoyote,draft,app/opportunities,
Filter by work mode,التصفية حسب نمط العمل,draft,Chuja kwa namna ya kazi,draft,app/opportunities,
Any work mode,أي نمط عمل,draft,Namna yoyote ya kazi,draft,app/opportunities,
Filter by location,التصفية حسب الموقع,draft,Chuja kwa mahali,draft,app/opportunities,
"Location (e.g. Juba, Remote)",الموقع (مثال: جوبا، عن بُعد),draft,"Mahali (mfano: Juba, Kwa mbali)",draft,app/opportunities,
Closing on or before,يُغلق في أو قبل,draft,Inafungwa siku au kabla ya,draft,app/opportunities,
Apply filters,تطبيق عوامل التصفية,draft,Tumia vichujio,draft,app/opportunities,
Clear filters,مسح عوامل التصفية,draft,Futa vichujio,draft,app/opportunities,
No opportunities match these filters.,لا توجد فرص تطابق عوامل التصفية هذه.,draft,Hakuna fursa zinazolingana na vichujio hivi.,draft,app/opportunities,
Clear filters and see everything open,امسح عوامل التصفية واعرض كل المتاح,draft,Futa vichujio uone zote zilizo wazi,draft,app/opportunities,
Nothing open yet — check back soon.,لا شيء متاح بعد — عد قريبًا.,draft,Bado hakuna iliyo wazi — rudi hivi karibuni.,draft,app/opportunities,
This organisation has completed AdorWorks verification.,أكملت هذه المؤسسة إجراءات التحقق في AdorWorks.,draft,Shirika hili limekamilisha uthibitishaji wa AdorWorks.,draft,app/opportunities app/opportunities/[id]/apply,
Verified,موثَّق,draft,Imethibitishwa,draft,app/opportunities app/opportunities/[id]/apply lib/domain/readiness +1,
More options,مزيد من الخيارات,draft,Chaguo zaidi,draft,app/opportunities,
Previous,السابق,draft,Iliyotangulia,draft,app/opportunities,
Page {page} of {total},الصفحة {page} من {total},draft,Ukurasa {page} kati ya {total},draft,app/opportunities,
Next,التالي,draft,Inayofuata,draft,app/opportunities,
Attachments,المرفقات,draft,Viambatisho,draft,app/opportunities/[id]/apply,
Why are you a fit for this?,لماذا أنت مناسب لهذا العمل؟,draft,Kwa nini unafaa kwa kazi hii?,draft,app/opportunities/[id]/apply/apply-form,
"Share relevant experience, how you'd approach this, or anything that sets you apart.",شارك خبرتك ذات الصلة، وكيف ستتعامل مع هذا العمل، أو أي شيء يميزك.,draft,"Shiriki uzoefu unaohusiana, jinsi ungeshughulikia kazi hii, au chochote kinachokutofautisha.",draft,app/opportunities/[id]/apply/apply-form,
Screening questions,أسئلة الفرز,draft,Maswali ya uchujaji,draft,app/opportunities/[id]/apply/apply-form,
Submit application,أرسل الطلب,draft,Tuma ombi,draft,app/opportunities/[id]/apply/apply-form,
Save draft,احفظ المسودة,draft,Hifadhi rasimu,draft,app/opportunities/[id]/apply/apply-form,
Draft saved — come back any time before submitting.,تم حفظ المسودة — عد في أي وقت قبل الإرسال.,draft,Rasimu imehifadhiwa — rudi wakati wowote kabla ya kutuma.,draft,app/opportunities/[id]/apply/apply-form,
Applied,تم التقديم,draft,Umeomba,draft,app/opportunities/apply-button,
Apply,قدّم,draft,Omba,draft,app/opportunities/apply-button app/opportunities/[id]/apply,
Could not update — try again.,تعذّر التحديث — حاول مرة أخرى.,draft,Imeshindwa kusasisha — jaribu tena.,draft,app/opportunities/dismiss-button app/opportunities/save-button,
Not interested,غير مهتم,draft,Sivutiwi,draft,app/opportunities/dismiss-button,
Invitations,الدعوات,draft,Mialiko,draft,app/opportunities/invited lib/domain/navigation,
Employers who've asked you specifically to apply.,أصحاب عمل طلبوا منك تحديدًا أن تتقدم.,draft,Waajiri waliokuomba wewe hasa uombe.,draft,app/opportunities/invited lib/domain/navigation,
No pending invitations right now.,لا توجد دعوات معلّقة حاليًا.,draft,Hakuna mialiko inayosubiri kwa sasa.,draft,app/opportunities/invited,
Past invitations,الدعوات السابقة,draft,Mialiko iliyopita,draft,app/opportunities/invited,
Accepted,مقبولة,draft,Imekubaliwa,draft,app/opportunities/invited lib/domain/states,
Declined,مرفوضة,draft,Imekataliwa,draft,app/opportunities/invited lib/domain/states,
Accept,قبول,draft,Kubali,draft,app/opportunities/invited/respond-buttons,
Decline,رفض,draft,Kataa,draft,app/opportunities/invited/respond-buttons,
Could not save — try again.,تعذّر الحفظ — حاول مرة أخرى.,draft,Imeshindwa kuhifadhi — jaribu tena.,draft,app/opportunities/save-button,
Save for later,احفظ لوقت لاحق,draft,Hifadhi kwa baadaye,draft,app/opportunities/save-button,
Saved opportunities,الفرص المحفوظة,draft,Fursa zilizohifadhiwa,draft,app/opportunities/saved,
Nothing saved yet. <browse>Browse open opportunities</browse> and save the ones you want to come back to.,لم تحفظ شيئًا بعد. <browse>تصفّح الفرص المتاحة</browse> واحفظ ما تريد العودة إليه.,draft,Bado hujahifadhi chochote. <browse>Pitia fursa zilizo wazi</browse> na uhifadhi unazotaka kurudia.,draft,app/opportunities/saved,
AdorWorks opportunity,فرصة على AdorWorks,draft,Fursa ya AdorWorks,draft,app/opportunities/share-button,
Link copied!,تم نسخ الرابط!,draft,Kiungo kimenakiliwa!,draft,app/opportunities/share-button,
Share,مشاركة,draft,Shiriki,draft,app/opportunities/share-button,
Sign out,تسجيل الخروج,draft,Toka,draft,components/app-shell-client,
Close menu,إغلاق القائمة,draft,Funga menyu,draft,components/app-shell-client,
Open menu,فتح القائمة,draft,Fungua menyu,draft,components/app-shell-client,
"Notifications, {n} unread",الإشعارات، {n} غير مقروءة,draft,"Arifa, {n} hazijasomwa",draft,components/app-shell-client,
Help & Support,المساعدة والدعم,draft,Msaada na Usaidizi,draft,components/app-sidebar,
Primary,الرئيسية,draft,Kuu,draft,components/app-sidebar,
Support,الدعم,draft,Usaidizi,draft,components/app-sidebar,
Write a message before sending.,اكتب رسالة قبل الإرسال.,draft,Andika ujumbe kabla ya kutuma.,draft,components/application-message-thread lib/actions/messages,
No messages yet.,لا توجد رسائل بعد.,draft,Bado hakuna jumbe.,draft,components/application-message-thread,
Write a message,اكتب رسالة,draft,Andika ujumbe,draft,components/application-message-thread,
Write a message…,اكتب رسالة…,draft,Andika ujumbe…,draft,components/application-message-thread,
Send,إرسال,draft,Tuma,draft,components/application-message-thread,
You're offline — actions like sending messages or updating a contract won't go through until your connection comes back.,أنت غير متصل — لن تتم إجراءات مثل إرسال الرسائل أو تحديث العقد حتى يعود اتصالك.,draft,Huko mtandaoni — vitendo kama kutuma jumbe au kusasisha mkataba havitafanikiwa hadi muunganisho wako urudi.,draft,components/connectivity-banner,
"Install AdorWorks: tap <b>Share</b>, then <b>Add to Home Screen</b>.",ثبّت AdorWorks: اضغط <b>مشاركة</b>، ثم <b>إضافة إلى الشاشة الرئيسية</b>.,draft,"Sakinisha AdorWorks: gusa <b>Shiriki</b>, kisha <b>Ongeza kwenye Skrini ya Mwanzo</b>.",draft,components/install-app-banner,
Install the AdorWorks app for quicker access.,ثبّت تطبيق AdorWorks للوصول بشكل أسرع.,draft,Sakinisha programu ya AdorWorks upate kufikia kwa haraka zaidi.,draft,components/install-app-banner,
Install,تثبيت,draft,Sakinisha,draft,components/install-app-banner,
Dismiss,إغلاق,draft,Ondoa,draft,components/install-app-banner,
Language,اللغة,draft,Lugha,draft,components/language-switcher,
Talent Mode,وضع المواهب,draft,Hali ya Mwenye Kipaji,draft,components/mode-switcher,
Find new jobs on AdorWorks,ابحث عن وظائف جديدة على AdorWorks,draft,Tafuta kazi mpya kwenye AdorWorks,draft,components/mode-switcher,
Client Mode,وضع العميل,draft,Hali ya Mteja,draft,components/mode-switcher,
Hire top talent,وظّف أفضل المواهب,draft,Ajiri vipaji bora,draft,components/mode-switcher,
Switch mode,تبديل الوضع,draft,Badilisha hali,draft,components/mode-switcher,
Explore Mode,وضع الاستكشاف,draft,Hali ya Kugundua,draft,components/mode-switcher,
Explore the AdorWorks website,استكشف موقع AdorWorks,draft,Gundua tovuti ya AdorWorks,draft,components/mode-switcher,
Switching modes changes your view,تبديل الوضع يغيّر طريقة العرض,draft,Kubadilisha hali hubadilisha mwonekano wako,draft,components/mode-switcher,
Verify your phone number,تحقق من رقم هاتفك,draft,Thibitisha namba yako ya simu,draft,components/phone-verification-widget,
We'll text you a 6-digit code.,سنرسل لك رمزًا من 6 أرقام برسالة نصية.,draft,Tutakutumia ujumbe wenye msimbo wa tarakimu 6.,draft,components/phone-verification-widget,
Send code,أرسل الرمز,draft,Tuma msimbo,draft,components/phone-verification-widget,
Enter the 6-digit code we sent you.,أدخل الرمز المكوّن من 6 أرقام الذي أرسلناه إليك.,draft,Weka msimbo wa tarakimu 6 tuliokutumia.,draft,components/phone-verification-widget,
Verifying…,جارٍ التحقق…,draft,Inathibitisha…,draft,components/phone-verification-widget,
Verify,تحقق,draft,Thibitisha,draft,components/phone-verification-widget,
Resend in {n}s,إعادة الإرسال بعد {n} ث,draft,Tuma tena baada ya sekunde {n},draft,components/phone-verification-widget,
Resend code,أعد إرسال الرمز,draft,Tuma msimbo tena,draft,components/phone-verification-widget,
Change number,تغيير الرقم,draft,Badilisha namba,draft,components/phone-verification-widget,
Spam,رسائل مزعجة,draft,Barua taka,draft,components/report-button,
Scam or fraud,احتيال أو خداع,draft,Utapeli au udanganyifu,draft,components/report-button,
Inappropriate content,محتوى غير لائق,draft,Maudhui yasiyofaa,draft,components/report-button,
Misleading or false information,معلومات مضللة أو خاطئة,draft,Taarifa za kupotosha au za uongo,draft,components/report-button,
"Safety concern — exploitation, abuse, or harassment",مخاوف تتعلق بالسلامة — استغلال أو إساءة أو تحرش,draft,"Wasiwasi wa usalama — unyonyaji, unyanyasaji au udhalilishaji",draft,components/report-button,
Other,أخرى,draft,Nyingine,draft,components/report-button,
"Report submitted — thank you. If this is urgent, you can also <contact>contact us directly</contact>.",تم إرسال البلاغ — شكرًا لك. إذا كان الأمر عاجلًا، يمكنك أيضًا <contact>التواصل معنا مباشرة</contact>.,draft,"Ripoti imetumwa — asante. Kama ni jambo la dharura, unaweza pia <contact>kuwasiliana nasi moja kwa moja</contact>.",draft,components/report-button,
Report,إبلاغ,draft,Ripoti,draft,components/report-button,
Why are you reporting this?,لماذا تُبلغ عن هذا؟,draft,Kwa nini unaripoti hili?,draft,components/report-button,
Anything else staff should know? (optional),هل هناك ما يجب أن يعرفه الفريق؟ (اختياري),draft,Kuna jambo jingine wafanyakazi wanapaswa kujua? (si lazima),draft,components/report-button,
Submit report,أرسل البلاغ,draft,Tuma ripoti,draft,components/report-button,
Cancel,إلغاء,draft,Ghairi,draft,components/report-button,
Remove {skill},إزالة {skill},draft,Ondoa {skill},draft,components/skills-input,
{n} in the talent's favour,{n} لصالح الموهبة,draft,{n} kwa upande wa mwenye kipaji,draft,components/track-record,
{n} in the employer's favour,{n} لصالح صاحب العمل,draft,{n} kwa upande wa mwajiri,draft,components/track-record,
{n} settled by agreement,{n} تمت تسويتها بالاتفاق,draft,{n} zimemalizwa kwa makubaliano,draft,components/track-record,
{n} closed without resolution,{n} أُغلقت دون حل,draft,{n} zimefungwa bila suluhu,draft,components/track-record,
{n} outcome not recorded,{n} دون تسجيل النتيجة,draft,{n} matokeo hayakurekodiwa,draft,components/track-record,
{n} open,{n} مفتوحة,draft,{n} bado wazi,draft,components/track-record,
No contracts completed through AdorWorks yet,لا توجد عقود مكتملة عبر AdorWorks بعد,draft,Bado hakuna mikataba iliyokamilika kupitia AdorWorks,draft,components/track-record,
1 contract completed and paid through AdorWorks,عقد واحد مكتمل ومدفوع عبر AdorWorks,draft,Mkataba 1 umekamilika na kulipwa kupitia AdorWorks,draft,components/track-record,
{n} contracts completed and paid through AdorWorks,{n} عقود مكتملة ومدفوعة عبر AdorWorks,draft,Mikataba {n} imekamilika na kulipwa kupitia AdorWorks,draft,components/track-record,
Rated {rating}/5 from 1 review,التقييم {rating}/5 من تقييم واحد,draft,Alama {rating}/5 kutoka tathmini 1,draft,components/track-record,
Rated {rating}/5 from {n} reviews,التقييم {rating}/5 من {n} تقييمات,draft,Alama {rating}/5 kutoka tathmini {n},draft,components/track-record,
No disputes,لا توجد نزاعات,draft,Hakuna migogoro,draft,components/track-record,
Disputes,النزاعات,draft,Migogoro,draft,components/track-record,
Track record on AdorWorks,السجل على AdorWorks,draft,Rekodi kwenye AdorWorks,draft,components/track-record,
"Every dispute is reviewed by AdorWorks staff, and its outcome is recorded here.",يراجع فريق AdorWorks كل نزاع، وتُسجَّل نتيجته هنا.,draft,"Kila mgogoro hupitiwa na wafanyakazi wa AdorWorks, na matokeo yake hurekodiwa hapa.",draft,components/track-record,
I agree to the <terms>Terms of Use</terms>.,أوافق على <terms>شروط الاستخدام</terms>.,draft,Nakubali <terms>Masharti ya Matumizi</terms>.,draft,i18n/rich,
Tell them a bit more about why you're a fit — at least 30 characters.,أخبرهم بالمزيد عن سبب ملاءمتك — 30 حرفًا على الأقل.,draft,Waeleze zaidi kwa nini unafaa — angalau herufi 30.,draft,lib/actions/applications,
This opportunity is no longer accepting applications.,لم تعد هذه الفرصة تقبل طلبات.,draft,Fursa hii haipokei maombi tena.,draft,lib/actions/applications,
The application deadline for this opportunity has passed.,انتهى الموعد النهائي للتقديم على هذه الفرصة.,draft,Tarehe ya mwisho ya kuomba fursa hii imepita.,draft,lib/actions/applications,
You've already applied to this opportunity.,لقد قدّمت على هذه الفرصة بالفعل.,draft,Tayari umeomba fursa hii.,draft,lib/actions/applications,
Already added to this shortlist.,مضاف بالفعل إلى هذه القائمة المختصرة.,draft,Tayari ameongezwa kwenye orodha fupi hii.,draft,lib/actions/applications,
Viewers can't add notes.,لا يمكن للمشاهدين إضافة ملاحظات.,draft,Watazamaji hawawezi kuongeza maelezo.,draft,lib/actions/applications,
Tell us briefly what you need help with.,أخبرنا باختصار بما تحتاج المساعدة فيه.,draft,Tuambie kwa ufupi unahitaji msaada gani.,draft,lib/actions/assistance,
Choose a password with at least 8 characters.,اختر كلمة مرور من 8 أحرف على الأقل.,draft,Chagua nenosiri lenye angalau herufi 8.,draft,lib/actions/assistance,
This assistance request is no longer awaiting your consent.,لم يعد طلب المساعدة هذا بانتظار موافقتك.,draft,Ombi hili la msaada halisubiri tena idhini yako.,draft,lib/actions/assistance,
This assistance request has expired. Ask AdorWorks to create a new session.,انتهت صلاحية طلب المساعدة هذا. اطلب من AdorWorks إنشاء جلسة جديدة.,draft,Ombi hili la msaada limeisha muda. Omba AdorWorks iunde kipindi kipya.,draft,lib/actions/assistance,
Passwords don't match.,كلمتا المرور غير متطابقتين.,draft,Manenosiri hayalingani.,draft,lib/actions/assistance,
This assistance request expired or changed. Refresh and try again.,انتهت صلاحية طلب المساعدة هذا أو تغيّر. حدّث الصفحة وحاول مرة أخرى.,draft,Ombi hili la msaada limeisha muda au limebadilika. Onyesha upya ukurasa ujaribu tena.,draft,lib/actions/assistance,
Invalid field update.,تحديث حقل غير صالح.,draft,Usasishaji batili wa sehemu.,draft,lib/actions/assistance,
This session is no longer active.,هذه الجلسة لم تعد نشطة.,draft,Kipindi hiki hakiko hai tena.,draft,lib/actions/assistance,
"This session has expired, was revoked, or is no longer active.",انتهت هذه الجلسة أو أُلغيت أو لم تعد نشطة.,draft,"Kipindi hiki kimeisha muda, kimeondolewa au hakiko hai tena.",draft,lib/actions/assistance,
This assistance session is already closed.,جلسة المساعدة هذه مغلقة بالفعل.,draft,Kipindi hiki cha msaada tayari kimefungwa.,draft,lib/actions/assistance,
Enter your full name.,أدخل اسمك الكامل.,draft,Weka jina lako kamili.,draft,lib/actions/auth,
Enter a valid email address.,أدخل بريدًا إلكترونيًا صالحًا.,draft,Weka barua pepe halali.,draft,lib/actions/auth,
Use at least 8 characters.,استخدم 8 أحرف على الأقل.,draft,Tumia angalau herufi 8.,draft,lib/actions/auth,
Include at least one letter.,أضف حرفًا واحدًا على الأقل.,draft,Weka angalau herufi moja.,draft,lib/actions/auth,
Include at least one number.,أضف رقمًا واحدًا على الأقل.,draft,Weka angalau tarakimu moja.,draft,lib/actions/auth,
Choose one.,اختر واحدًا.,draft,Chagua moja.,draft,lib/actions/auth,
You must agree to the Terms of Use and Privacy Policy to continue.,يجب أن توافق على شروط الاستخدام وسياسة الخصوصية للمتابعة.,draft,Lazima ukubali Masharti ya Matumizi na Sera ya Faragha ili kuendelea.,draft,lib/actions/auth,
Too many signup attempts. Please try again later.,محاولات تسجيل كثيرة جدًا. يُرجى المحاولة لاحقًا.,draft,Majaribio mengi mno ya kujisajili. Tafadhali jaribu tena baadaye.,draft,lib/actions/auth,
Something went wrong creating your account. Please try again.,حدث خطأ أثناء إنشاء حسابك. يُرجى المحاولة مرة أخرى.,draft,Hitilafu imetokea wakati wa kufungua akaunti yako. Tafadhali jaribu tena.,draft,lib/actions/auth,
Enter your password.,أدخل كلمة المرور.,draft,Weka nenosiri lako.,draft,lib/actions/auth,
Too many login attempts. Please wait a few minutes and try again.,محاولات تسجيل دخول كثيرة جدًا. يُرجى الانتظار بضع دقائق والمحاولة مرة أخرى.,draft,Majaribio mengi mno ya kuingia. Tafadhali subiri dakika chache ujaribu tena.,draft,lib/actions/auth,
Incorrect email or password.,البريد الإلكتروني أو كلمة المرور غير صحيحة.,draft,Barua pepe au nenosiri si sahihi.,draft,lib/actions/auth,
Too many reset requests for this email. Please wait a few minutes and try again.,طلبات إعادة تعيين كثيرة جدًا لهذا البريد. يُرجى الانتظار بضع دقائق والمحاولة مرة أخرى.,draft,Maombi mengi mno ya kuweka upya kwa barua pepe hii. Tafadhali subiri dakika chache ujaribu tena.,draft,lib/actions/auth,
Too many invitations sent recently. Please wait a while and try again.,أُرسلت دعوات كثيرة جدًا مؤخرًا. يُرجى الانتظار قليلًا والمحاولة مرة أخرى.,draft,Mialiko mingi mno imetumwa hivi karibuni. Tafadhali subiri kidogo ujaribu tena.,draft,lib/actions/invitations,
Already invited to this opportunity.,تمت دعوته بالفعل إلى هذه الفرصة.,draft,Tayari amealikwa kwenye fursa hii.,draft,lib/actions/invitations,
Invitation not found.,الدعوة غير موجودة.,draft,Mwaliko haupatikani.,draft,lib/actions/invitations,
This invitation has already been responded to.,تم الرد على هذه الدعوة بالفعل.,draft,Mwaliko huu tayari umejibiwa.,draft,lib/actions/invitations,
Application not found.,الطلب غير موجود.,draft,Ombi halipatikani.,draft,lib/actions/messages,
You aren't part of this application.,لست طرفًا في هذا الطلب.,draft,Wewe si sehemu ya ombi hili.,draft,lib/actions/messages,
Could not open this conversation.,تعذّر فتح هذه المحادثة.,draft,Imeshindwa kufungua mazungumzo haya.,draft,lib/actions/messages,
Enter the 6-digit code from your authenticator app.,أدخل الرمز المكوّن من 6 أرقام من تطبيق المصادقة.,draft,Weka msimbo wa tarakimu 6 kutoka kwenye programu yako ya uthibitishaji.,draft,lib/actions/mfa,
Too many attempts. Please wait a few minutes and try again.,محاولات كثيرة جدًا. يُرجى الانتظار بضع دقائق والمحاولة مرة أخرى.,draft,Majaribio mengi mno. Tafadhali subiri dakika chache ujaribu tena.,draft,lib/actions/mfa,
That code didn't work — check your authenticator app and try again.,لم ينجح هذا الرمز — تحقق من تطبيق المصادقة وحاول مرة أخرى.,draft,Msimbo huo haukufanya kazi — angalia programu yako ya uthibitishaji ujaribu tena.,draft,lib/actions/mfa,
Enter your legal name.,أدخل اسمك القانوني.,draft,Weka jina lako la kisheria.,draft,lib/actions/onboarding,
Enter a display name.,أدخل اسم العرض.,draft,Weka jina la kuonyesha.,draft,lib/actions/onboarding,
Enter a short professional headline.,أدخل عنوانًا مهنيًا قصيرًا.,draft,Weka kichwa kifupi cha kitaaluma.,draft,lib/actions/onboarding,
Enter your location.,أدخل موقعك.,draft,Weka mahali ulipo.,draft,lib/actions/onboarding,
Choose a category.,اختر مجالًا.,draft,Chagua kundi.,draft,lib/actions/onboarding,
List at least one skill.,أدرج مهارة واحدة على الأقل.,draft,Orodhesha angalau ujuzi mmoja.,draft,lib/actions/onboarding,
Confirm the declaration to continue.,أكّد الإقرار للمتابعة.,draft,Thibitisha tamko ili kuendelea.,draft,lib/actions/onboarding,
Please confirm the declaration before continuing.,يُرجى تأكيد الإقرار قبل المتابعة.,draft,Tafadhali thibitisha tamko kabla ya kuendelea.,draft,lib/actions/onboarding,
"Enter a phone number in international format, e.g. +211900000000.",أدخل رقم هاتف بالصيغة الدولية، مثال: ‎+211900000000.,draft,"Weka namba ya simu kwa muundo wa kimataifa, mfano +211900000000.",draft,lib/actions/phone,
Please wait a minute before requesting another code.,يُرجى الانتظار دقيقة قبل طلب رمز آخر.,draft,Tafadhali subiri dakika moja kabla ya kuomba msimbo mwingine.,draft,lib/actions/phone,
Enter the 6-digit code.,أدخل الرمز المكوّن من 6 أرقام.,draft,Weka msimbo wa tarakimu 6.,draft,lib/actions/phone,
That code has expired — request a new one.,انتهت صلاحية هذا الرمز — اطلب رمزًا جديدًا.,draft,Msimbo huo umeisha muda — omba mpya.,draft,lib/actions/phone,
Too many attempts — request a new code.,محاولات كثيرة جدًا — اطلب رمزًا جديدًا.,draft,Majaribio mengi mno — omba msimbo mpya.,draft,lib/actions/phone,
Incorrect code.,رمز غير صحيح.,draft,Msimbo si sahihi.,draft,lib/actions/phone,
Choose a reason.,اختر سببًا.,draft,Chagua sababu.,draft,lib/actions/reports,
Too many reports submitted recently. Please wait a while and try again.,أُرسلت بلاغات كثيرة جدًا مؤخرًا. يُرجى الانتظار قليلًا والمحاولة مرة أخرى.,draft,Ripoti nyingi mno zimetumwa hivi karibuni. Tafadhali subiri kidogo ujaribu tena.,draft,lib/actions/reports,
Resolved in the talent's favour,حُسم لصالح الموهبة,draft,Imetatuliwa kwa upande wa mwenye kipaji,draft,lib/domain/disputes,
Resolved in the employer's favour,حُسم لصالح صاحب العمل,draft,Imetatuliwa kwa upande wa mwajiri,draft,lib/domain/disputes,
Settled by agreement,تمت التسوية بالاتفاق,draft,Imemalizwa kwa makubaliano,draft,lib/domain/disputes,
Closed without resolution,أُغلق دون حل,draft,Imefungwa bila suluhu,draft,lib/domain/disputes,
Negotiable,قابل للتفاوض,draft,Inajadilika,draft,lib/domain/format lib/domain/taxonomy,
Paid — details on application,مدفوع الأجر — التفاصيل عند التقديم,draft,Inalipwa — maelezo wakati wa kuomba,draft,lib/domain/format,
Build your career on AdorWorks,ابنِ مسيرتك المهنية على AdorWorks,draft,Jenga taaluma yako kwenye AdorWorks,draft,lib/domain/navigation,
"Keep your Passport current, discover paid work, and manage applications and delivery.",حافظ على تحديث جوازك المهني، واكتشف عملًا مدفوع الأجر، وأدِر الطلبات والتنفيذ.,draft,"Weka Pasipoti yako ikiwa ya kisasa, gundua kazi zenye malipo, na usimamie maombi na utekelezaji.",draft,lib/domain/navigation,
"Browse open, paid opportunities.",تصفّح الفرص المتاحة مدفوعة الأجر.,draft,Pitia fursa zilizo wazi zenye malipo.,draft,lib/domain/navigation,
Return to opportunities saved for later.,عد إلى الفرص المحفوظة لوقت لاحق.,draft,Rudi kwenye fursa ulizohifadhi kwa baadaye.,draft,lib/domain/navigation,
Applications,الطلبات,draft,Maombi,draft,lib/domain/navigation,
Track the applications you have submitted.,تابع الطلبات التي قدّمتها.,draft,Fuatilia maombi uliyotuma.,draft,lib/domain/navigation,
Offers,العروض,draft,Ofa,draft,lib/domain/navigation,
Review and respond to offers.,راجع العروض وردّ عليها.,draft,Pitia na ujibu ofa.,draft,lib/domain/navigation,
Contracts,العقود,draft,Mikataba,draft,lib/domain/navigation,
"Deliver work, message clients, and view payments.",سلّم العمل، وراسل العملاء، واطّلع على المدفوعات.,draft,"Wasilisha kazi, wasiliana na wateja, na uone malipo.",draft,lib/domain/navigation,
Service requests,طلبات الخدمات,draft,Maombi ya huduma,draft,lib/domain/navigation,
Respond to employers who've requested one of your services.,ردّ على أصحاب العمل الذين طلبوا إحدى خدماتك.,draft,Jibu waajiri walioomba mojawapo ya huduma zako.,draft,lib/domain/navigation,
Your Passport,جوازك المهني,draft,Pasipoti yako,draft,lib/domain/navigation,
"Manage your photo, links, evidence, and portfolio.",أدِر صورتك وروابطك وأدلتك وملف أعمالك.,draft,"Simamia picha yako, viungo, ushahidi na kazi zako.",draft,lib/domain/navigation,
Profile setup,إعداد الملف,draft,Kuandaa wasifu,draft,lib/domain/navigation,
Complete or review your verification steps.,أكمل خطوات التحقق أو راجعها.,draft,Kamilisha au pitia hatua zako za uthibitishaji.,draft,lib/domain/navigation,
Trust & Safety,الثقة والأمان,draft,Uaminifu na Usalama,draft,lib/domain/navigation,
Free orientation on staying safe on AdorWorks.,توجيه مجاني حول البقاء آمنًا على AdorWorks.,draft,Mafunzo ya bure ya kubaki salama kwenye AdorWorks.,draft,lib/domain/navigation,
In-person help,مساعدة حضورية,draft,Msaada wa ana kwa ana,draft,lib/domain/navigation,
Get someone to help you finish your profile at a partner hub.,احصل على من يساعدك في إكمال ملفك في مركز شريك.,draft,Pata mtu wa kukusaidia kukamilisha wasifu wako kwenye kituo mshirika.,draft,lib/domain/navigation,
Hire and manage work on AdorWorks,وظّف وأدِر العمل على AdorWorks,draft,Ajiri na usimamie kazi kwenye AdorWorks,draft,lib/domain/navigation,
"Manage your organisation, publish paid opportunities, review candidates, and oversee delivery.",أدِر مؤسستك، وانشر فرصًا مدفوعة الأجر، وراجع المرشحين، وأشرف على التنفيذ.,draft,"Simamia shirika lako, chapisha fursa zenye malipo, pitia wagombea na usimamie utekelezaji.",draft,lib/domain/navigation,
Organisation,المؤسسة,draft,Shirika,draft,lib/domain/navigation,
Open your organisation workspace.,افتح مساحة عمل مؤسستك.,draft,Fungua eneo la kazi la shirika lako.,draft,lib/domain/navigation,
Submit a paid role or project for review.,أرسل وظيفة أو مشروعًا مدفوع الأجر للمراجعة.,draft,Wasilisha nafasi au mradi wenye malipo kwa ukaguzi.,draft,lib/domain/navigation,
Quick project brief,موجز مشروع سريع,draft,Maelezo mafupi ya mradi,draft,lib/domain/navigation,
Just have an outcome in mind? Save a short brief and fill in the rest later.,لديك نتيجة في ذهنك فقط؟ احفظ موجزًا قصيرًا وأكمل الباقي لاحقًا.,draft,Una matokeo tu akilini? Hifadhi maelezo mafupi na ujaze mengine baadaye.,draft,lib/domain/navigation,
Browse services,تصفّح الخدمات,draft,Pitia huduma,draft,lib/domain/navigation,
"Discover defined, ready-to-book services from AdorWorks talent.",اكتشف خدمات محددة وجاهزة للحجز من مواهب AdorWorks.,draft,Gundua huduma mahususi zilizo tayari kuagizwa kutoka kwa wenye vipaji wa AdorWorks.,draft,lib/domain/navigation,
Track requests you've sent to talent and their proposals.,تابع الطلبات التي أرسلتها إلى المواهب وعروضهم.,draft,Fuatilia maombi uliyotuma kwa wenye vipaji na mapendekezo yao.,draft,lib/domain/navigation,
Team,الفريق,draft,Timu,draft,lib/domain/navigation,
Review organisation membership and access.,راجع عضوية المؤسسة وصلاحيات الوصول.,draft,Pitia uanachama wa shirika na ruhusa.,draft,lib/domain/navigation,
Manage active and completed work.,أدِر الأعمال النشطة والمكتملة.,draft,Simamia kazi zinazoendelea na zilizokamilika.,draft,lib/domain/navigation,
Assisted onboarding,التسجيل بالمساعدة,draft,Usajili kwa usaidizi,draft,lib/domain/navigation,
"Continue only the consented, scoped assistance sessions assigned to you.",تابع فقط جلسات المساعدة المكلَّف بها، ضمن نطاقها وبموافقة أصحابها.,draft,"Endelea tu na vipindi vya msaada ulivyopewa, vilivyokubaliwa na vyenye wigo maalum.",draft,lib/domain/navigation,
Assistance sessions,جلسات المساعدة,draft,Vipindi vya msaada,draft,lib/domain/navigation,
Open your assigned sessions.,افتح الجلسات المكلَّف بها.,draft,Fungua vipindi ulivyopewa.,draft,lib/domain/navigation,
AdorWorks Operations,,,,,lib/domain/navigation,Staff console label — the staff console stays in English. Leave blank.
Operations,,,,,lib/domain/navigation,Staff console label — the staff console stays in English. Leave blank.
Live queue counts across every staff area.,,,,,lib/domain/navigation,Staff console label — the staff console stays in English. Leave blank.
Intake,,,,,lib/domain/navigation,Staff console label — the staff console stays in English. Leave blank.
Triage public-form submissions and convert them into real accounts.,,,,,lib/domain/navigation,Staff console label — the staff console stays in English. Leave blank.
Talent,موهبة,draft,Mwenye kipaji,draft,lib/domain/navigation lib/domain/roles,
"Review evidence and videos, set verification tiers and visibility.",,,,,lib/domain/navigation,Staff console label — the staff console stays in English. Leave blank.
Organisations,المؤسسات,draft,Mashirika,draft,lib/domain/navigation,
Record employer verification checks and risk flags.,,,,,lib/domain/navigation,Staff console label — the staff console stays in English. Leave blank.
Opportunities,الفرص,draft,Fursa,draft,lib/domain/navigation,
"Approve briefs, build shortlists and start engagements.",,,,,lib/domain/navigation,Staff console label — the staff console stays in English. Leave blank.
Services,الخدمات,draft,Huduma,draft,lib/domain/navigation,
"Publish, reject or pause talent-authored services.",,,,,lib/domain/navigation,Staff console label — the staff console stays in English. Leave blank.
Reports,البلاغات,draft,Ripoti,draft,lib/domain/navigation,
Handle listings and profiles flagged by users.,,,,,lib/domain/navigation,Staff console label — the staff console stays in English. Leave blank.
Engagements,,,,,lib/domain/navigation,Staff console label — the staff console stays in English. Leave blank.
"Delivery tracking, milestones, finance records and disputes.",,,,,lib/domain/navigation,Staff console label — the staff console stays in English. Leave blank.
"Contract oversight: disputes, refunds and invoice reconciliation.",,,,,lib/domain/navigation,Staff console label — the staff console stays in English. Leave blank.
"Partner hubs, onboarding agents and in-person help requests.",,,,,lib/domain/navigation,Staff console label — the staff console stays in English. Leave blank.
People,,,,,lib/domain/navigation,Staff console label — the staff console stays in English. Leave blank.
"Accounts, roles, suspensions and staff (admins only).",,,,,lib/domain/navigation,Staff console label — the staff console stays in English. Leave blank.
Settings,,,,,lib/domain/navigation,Staff console label — the staff console stays in English. Leave blank.
Platform fees and other settings (finance and admins).,,,,,lib/domain/navigation,Staff console label — the staff console stays in English. Leave blank.
Partner workspace,مساحة عمل الشريك,draft,Eneo la kazi la mshirika,draft,lib/domain/navigation,
Partner-hub administration is not yet available in the authenticated platform.,إدارة المراكز الشريكة غير متاحة بعد في المنصة.,draft,Usimamizi wa vituo washirika bado haupatikani kwenye jukwaa.,draft,lib/domain/navigation,
Passport,الجواز المهني,draft,Pasipoti,draft,lib/domain/navigation,
Registered,مسجَّل,draft,Aliyesajiliwa,draft,lib/domain/readiness,
Identity verified,هوية موثّقة,draft,Utambulisho umethibitishwa,draft,lib/domain/readiness,
AdorVerified,AdorVerified,draft,AdorVerified,draft,lib/domain/readiness,
AdorCertified,AdorCertified,draft,AdorCertified,draft,lib/domain/readiness,
Team lead,قائد فريق,draft,Kiongozi wa timu,draft,lib/domain/readiness,
Verify your identity to unlock more opportunities.,تحقق من هويتك لفتح مزيد من الفرص.,draft,Thibitisha utambulisho wako ili kufungua fursa zaidi.,draft,lib/domain/readiness,
Add a reference or complete an assessment to reach AdorVerified.,أضف مرجعًا أو أكمل تقييمًا للوصول إلى AdorVerified.,draft,Ongeza mdhamini au kamilisha tathmini ili kufikia AdorVerified.,draft,lib/domain/readiness,
Complete a paid engagement to build toward AdorCertified.,أكمل تعاقدًا مدفوع الأجر للتقدم نحو AdorCertified.,draft,Kamilisha kazi yenye malipo ili kusonga kuelekea AdorCertified.,draft,lib/domain/readiness,
You've reached the highest tier available today.,لقد وصلت إلى أعلى مستوى متاح اليوم.,draft,Umefikia ngazi ya juu kabisa inayopatikana leo.,draft,lib/domain/readiness,
Add a headline,أضف عنوانًا مهنيًا,draft,Ongeza kichwa cha kitaaluma,draft,lib/domain/readiness,
Add a short bio,أضف نبذة قصيرة,draft,Ongeza wasifu mfupi,draft,lib/domain/readiness,
Add at least one skill,أضف مهارة واحدة على الأقل,draft,Ongeza angalau ujuzi mmoja,draft,lib/domain/readiness,
Choose a category,اختر مجالًا,draft,Chagua kundi,draft,lib/domain/readiness,
Add your location,أضف موقعك,draft,Ongeza mahali ulipo,draft,lib/domain/readiness,
Add a profile photo,أضف صورة شخصية,draft,Ongeza picha ya wasifu,draft,lib/domain/readiness,
Complete the free Trust & Safety orientation,أكمل التوجيه المجاني حول الثقة والأمان,draft,Kamilisha mafunzo ya bure ya Uaminifu na Usalama,draft,lib/domain/readiness,
Your profile is complete — AdorWorks staff review it before making it publicly discoverable.,ملفك مكتمل — يراجعه فريق AdorWorks قبل إتاحته للاكتشاف العام.,draft,Wasifu wako umekamilika — wafanyakazi wa AdorWorks huupitia kabla ya kuuruhusu kugunduliwa hadharani.,draft,lib/domain/readiness,
Finish your profile first — staff only review complete profiles for public visibility.,أكمل ملفك أولًا — لا يراجع الفريق إلا الملفات المكتملة لإتاحتها للعامة.,draft,Kamilisha wasifu wako kwanza — wafanyakazi hupitia tu wasifu kamili kwa ajili ya kuonekana hadharani.,draft,lib/domain/readiness,
Pending verification,بانتظار التحقق,draft,Inasubiri uthibitishaji,draft,lib/domain/readiness lib/domain/states,
Not verified,غير موثّق,draft,Haijathibitishwa,draft,lib/domain/readiness lib/domain/states,
Suspended,موقوف,draft,Imesimamishwa,draft,lib/domain/readiness lib/domain/states,
AdorWorks staff review new organisations before opportunities go live.,يراجع فريق AdorWorks المؤسسات الجديدة قبل نشر فرصها.,draft,Wafanyakazi wa AdorWorks hupitia mashirika mapya kabla fursa hazijachapishwa.,draft,lib/domain/readiness,
You're verified — opportunities you post go straight to staff review for publishing.,أنت موثّق — تنتقل الفرص التي تنشرها مباشرة إلى مراجعة الفريق للنشر.,draft,Umethibitishwa — fursa unazochapisha huenda moja kwa moja kwa ukaguzi wa wafanyakazi ili kuchapishwa.,draft,lib/domain/readiness,
Contact AdorWorks staff to resolve why verification was declined.,تواصل مع فريق AdorWorks لمعالجة سبب رفض التحقق.,draft,Wasiliana na wafanyakazi wa AdorWorks kutatua kwa nini uthibitishaji ulikataliwa.,draft,lib/domain/readiness,
Contact AdorWorks staff — this organisation is currently suspended.,تواصل مع فريق AdorWorks — هذه المؤسسة موقوفة حاليًا.,draft,Wasiliana na wafanyakazi wa AdorWorks — shirika hili limesimamishwa kwa sasa.,draft,lib/domain/readiness,
Add your sector,أضف قطاعك,draft,Ongeza sekta yako,draft,lib/domain/readiness,
Add your website,أضف موقعك الإلكتروني,draft,Ongeza tovuti yako,draft,lib/domain/readiness,
Add a billing email,أضف بريدًا إلكترونيًا للفواتير,draft,Ongeza barua pepe ya ankara,draft,lib/domain/readiness,
Upload registration evidence for verification,حمّل دليل التسجيل للتحقق,draft,Pakia ushahidi wa usajili kwa ajili ya uthibitishaji,draft,lib/domain/readiness,
Post your first opportunity,انشر فرصتك الأولى,draft,Chapisha fursa yako ya kwanza,draft,lib/domain/readiness,
Opportunities only go live once your organisation is verified.,لا تُنشر الفرص إلا بعد التحقق من مؤسستك.,draft,Fursa huchapishwa tu baada ya shirika lako kuthibitishwa.,draft,lib/domain/readiness,
Employer,صاحب عمل,draft,Mwajiri,draft,lib/domain/roles,
Client,عميل,draft,Mteja,draft,lib/domain/roles,
Team member,عضو فريق,draft,Mwanatimu,draft,lib/domain/roles,
Org admin,مسؤول المؤسسة,draft,Msimamizi wa shirika,draft,lib/domain/roles,
Reviewer,مراجِع,draft,Mkaguzi,draft,lib/domain/roles,
Matcher,منسّق مطابقة,draft,Mratibu wa uoanishaji,draft,lib/domain/roles,
Finance,المالية,draft,Fedha,draft,lib/domain/roles,
Admin,مسؤول,draft,Msimamizi,draft,lib/domain/roles,
Assistance,المساعدة,draft,Usaidizi,draft,lib/domain/roles,
Partner,شريك,draft,Mshirika,draft,lib/domain/roles,
Submitted,مُرسل,draft,Imetumwa,draft,lib/domain/states,
Shortlisted,في القائمة المختصرة,draft,Kwenye orodha fupi,draft,lib/domain/states,
Interviewing,في مرحلة المقابلة,draft,Katika mahojiano,draft,lib/domain/states,
Offer sent,أُرسل عرض,draft,Ofa imetumwa,draft,lib/domain/states,
Not selected,لم يتم الاختيار,draft,Hakuchaguliwa,draft,lib/domain/states,
Withdrawn,مسحوب,draft,Imeondolewa,draft,lib/domain/states,
Draft,مسودة,draft,Rasimu,draft,lib/domain/states,
Submitted for review,أُرسل للمراجعة,draft,Imewasilishwa kwa ukaguzi,draft,lib/domain/states,
Published,منشور,draft,Imechapishwa,draft,lib/domain/states,
Filled,مشغول,draft,Imejazwa,draft,lib/domain/states,
Closed,مغلق,draft,Imefungwa,draft,lib/domain/states,
Cancelled,ملغى,draft,Imeghairiwa,draft,lib/domain/states,
Not approved,غير معتمد,draft,Haijaidhinishwa,draft,lib/domain/states,
Changes requested,مطلوب تعديلات,draft,Mabadiliko yameombwa,draft,lib/domain/states,
Paused,متوقف مؤقتًا,draft,Imesitishwa,draft,lib/domain/states,
Expired,منتهي الصلاحية,draft,Imeisha muda,draft,lib/domain/states,
Awaiting response,بانتظار الرد,draft,Inasubiri jibu,draft,lib/domain/states,
Active,نشط,draft,Hai,draft,lib/domain/states,
Completed,مكتمل,draft,Imekamilika,draft,lib/domain/states,
Disputed,متنازع عليه,draft,Kuna mgogoro,draft,lib/domain/states,
Not started,لم يبدأ,draft,Haijaanza,draft,lib/domain/states,
Awaiting review,بانتظار المراجعة,draft,Inasubiri ukaguzi,draft,lib/domain/states,
Approved — ready for payment,معتمد — جاهز للدفع,draft,Imeidhinishwa — tayari kwa malipo,draft,lib/domain/states,
Revision requested,مطلوب تعديل,draft,Marekebisho yameombwa,draft,lib/domain/states,
Paid,مدفوع,draft,Imelipwa,draft,lib/domain/states,
Information required,مطلوب معلومات,draft,Taarifa zinahitajika,draft,lib/domain/states,
Under review,قيد المراجعة,draft,Inakaguliwa,draft,lib/domain/states,
Fixed price,سعر ثابت,draft,Bei maalum,draft,lib/domain/taxonomy,
Per milestone,حسب المرحلة,draft,Kwa kila hatua,draft,lib/domain/taxonomy,
Hourly,بالساعة,draft,Kwa saa,draft,lib/domain/taxonomy,
Daily,باليوم,draft,Kwa siku,draft,lib/domain/taxonomy,
Monthly,بالشهر,draft,Kwa mwezi,draft,lib/domain/taxonomy,
Built-in escrow,ضمان مدمج للمدفوعات,draft,Ulinzi wa malipo uliojengwa ndani,draft,not in app,
"Milestone payments held safely until work is approved, both sides protected.",تُحفظ دفعات المراحل بأمان حتى اعتماد العمل، مع حماية الطرفين.,draft,"Malipo ya hatua hushikiliwa salama hadi kazi iidhinishwe, pande zote mbili zikilindwa.",draft,not in app,
pending,قيد الانتظار,draft,Inasubiri,draft,not in app,
approved,معتمد,draft,Imeidhinishwa,draft,not in app,
rejected,مرفوض,draft,Imekataliwa,draft,not in app,
